,Cbal,Cdur,Chist,Camt,Sbal,InRate,Oparties,age,inPlans,NumCred,Ndepend,Cpur_domestic,Cpur_education,Cpur_electronics,Cpur_miscellaneous,Cpur_vehicle,Edur_4 to 7 years,Edur_less than 1 year,Edur_more than 7 years,Edur_not employed,Htype_own,Htype_pays rent,JobType_employee with official position,JobType_non resident either unemployed or  unskilled ,JobType_resident unskilled,0
642,2,24,0,13650,3000,4,0,47,0,1,1,0,0,1,0,0,0,0,1,0,0,0,1,0,0,
762,-1,36,0,27000,500,2,0,41,1,1,2,1,0,0,0,0,0,0,1,0,1,0,1,0,0,
909,-1,11,-1,39270,500,1,0,40,0,2,2,0,0,0,0,1,0,0,0,0,1,0,0,0,1,
199,0,11,-1,11420,3000,4,0,57,0,3,1,0,0,1,0,0,0,0,0,1,1,0,0,0,1,1.0
586,-1,30,0,45710,500,2,1,32,0,2,1,1,0,0,0,0,0,0,0,0,1,0,1,0,0,
797,0,15,-1,33310,500,4,0,28,0,1,1,1,0,0,0,0,0,0,0,0,0,0,1,0,0,
652,0,21,0,24640,0,4,0,46,0,1,1,0,0,0,0,1,0,0,1,0,1,0,0,0,0,
755,1,36,0,74200,500,2,0,54,0,1,1,0,0,0,0,1,0,0,0,0,0,1,1,0,0,
416,0,39,0,25570,7500,4,0,24,0,1,1,0,0,0,0,1,0,0,0,0,1,0,1,0,0,
498,-1,24,0,35400,500,3,0,27,1,1,1,1,0,0,0,0,1,0,0,0,1,0,1,0,0,
514,1,9,0,10700,500,4,0,27,0,2,1,0,0,1,0,0,0,0,1,0,1,0,0,0,1,
456,-1,6,-1,13490,500,2,0,40,0,1,2,0,0,0,0,1,0,1,0,0,1,0,0,0,1,
881,0,10,0,15340,500,3,0,31,0,1,2,0,0,0,0,1,0,0,0,0,1,0,0,0,1,
530,-1,12,-1,3730,500,4,0,58,0,4,1,0,0,1,0,0,1,0,0,0,1,0,0,0,1,
180,-1,24,0,9030,0,4,0,29,1,1,1,0,0,0,0,1,0,0,1,0,1,0,1,0,0,1.0
449,0,39,0,85760,3000,4,0,45,0,1,1,0,0,0,0,1,0,0,1,0,1,0,0,0,0,
752,-1,36,-1,96170,500,4,0,24,0,2,1,0,0,0,0,1,1,0,0,0,1,0,1,0,0,
809,-1,12,0,6400,500,4,0,24,0,1,1,1,0,0,0,0,0,0,1,0,0,1,1,0,0,
266,0,12,-1,57890,0,2,0,49,0,1,1,1,0,0,0,0,0,0,1,0,0,1,1,0,0,1.0
58,-1,33,-1,42690,7500,1,0,23,0,2,1,1,0,0,0,0,0,0,0,0,1,0,1,0,0,1.0
246,0,30,0,47990,0,2,0,24,1,1,1,0,0,0,0,1,1,0,0,0,0,1,0,0,1,1.0
128,-1,12,0,6620,3000,4,0,20,0,1,1,0,0,1,0,0,1,0,0,0,1,0,1,0,0,1.0
692,1,12,0,8290,3000,2,0,23,0,1,1,0,0,0,0,0,1,0,0,0,0,1,0,0,1,
606,1,30,0,34840,10000,4,0,34,1,1,2,1,0,0,0,0,0,0,0,0,1,0,1,0,0,
831,0,15,-1,18170,500,4,0,46,0,2,1,0,0,1,0,0,0,0,1,0,1,0,1,0,0,
687,-1,12,0,12620,500,3,0,37,0,1,1,0,0,0,0,1,0,1,0,0,1,0,0,0,1,
87,0,12,-1,6700,3000,4,0,51,0,2,1,0,0,0,0,1,1,0,0,0,1,0,1,0,0,1.0
763,-1,8,-1,7190,500,4,0,47,0,2,1,0,0,0,0,1,0,0,1,0,1,0,0,0,1,
813,0,15,0,8620,0,4,0,24,0,1,1,1,0,0,0,0,0,1,0,0,1,0,1,0,0,
578,0,12,0,14810,500,4,0,34,0,1,2,0,0,1,0,0,0,1,0,0,1,0,1,0,0,
533,1,24,0,27060,500,3,0,20,0,1,1,0,0,0,0,1,0,0,0,0,0,1,0,0,1,
649,1,9,0,21060,500,2,0,37,0,1,2,0,0,1,0,0,0,0,0,0,1,0,0,0,1,
999,-1,36,-1,62170,500,4,1,23,0,2,1,1,0,0,0,0,0,1,0,0,0,1,0,0,1,
658,2,24,-1,31360,0,3,0,31,0,2,1,0,0,1,0,0,0,0,0,0,1,0,1,0,0,
802,-1,24,0,24270,500,4,0,35,0,1,1,0,0,1,0,0,0,1,0,0,1,0,1,0,0,
255,-1,36,0,27340,500,4,0,31,1,1,1,1,0,0,0,0,0,0,1,0,1,0,1,0,0,0.0
691,-1,18,0,9640,500,1,0,23,0,1,1,0,0,0,0,1,0,1,0,0,1,0,0,0,1,
637,0,12,-1,9140,500,1,0,38,0,1,1,0,0,0,0,1,0,0,0,1,1,0,0,1,0,
712,0,21,-1,32630,500,1,0,36,0,1,1,0,0,0,0,1,0,0,1,0,1,0,0,0,0,
615,0,30,-1,45180,500,4,0,26,0,1,1,0,0,1,0,0,1,0,0,0,0,1,0,0,0,
706,-1,30,0,30960,500,2,0,31,0,1,1,1,0,0,0,0,0,1,0,0,1,0,0,0,1,
85,1,48,0,35540,3000,4,0,30,0,1,1,0,0,0,0,0,1,0,0,0,1,0,1,0,0,1.0
890,1,18,-1,35780,500,3,0,40,0,3,2,0,0,0,0,0,0,0,0,1,1,0,0,1,0,
701,-1,18,-1,21120,500,4,0,24,0,2,1,1,0,0,0,0,0,0,0,0,0,1,1,0,0,
247,-1,12,0,7150,3000,4,0,33,0,1,1,0,0,1,0,0,0,1,0,0,1,0,0,0,1,1.0
854,-1,24,0,31490,500,4,0,31,0,1,1,0,0,0,0,0,0,0,0,0,0,1,1,0,0,
528,-1,18,0,12050,500,4,0,47,0,1,1,1,0,0,0,0,0,0,0,0,1,0,0,0,1,
195,1,60,0,74060,0,1,0,27,0,1,1,0,0,1,0,0,0,0,0,0,1,0,0,0,1,1.0
948,0,12,0,30470,10000,2,0,61,0,1,1,0,0,1,0,0,1,0,0,0,1,0,0,0,1,
600,2,12,0,12850,500,3,0,23,0,1,1,0,0,1,0,0,0,0,0,0,0,1,1,0,0,
359,1,18,0,10300,0,4,0,33,0,1,1,0,0,0,0,1,0,0,0,0,1,0,1,0,0,
847,1,36,0,36990,0,2,0,27,0,1,1,0,1,0,0,0,0,0,0,0,1,0,1,0,0,
761,2,12,0,30040,500,3,0,24,0,1,1,0,0,1,0,0,0,0,0,0,1,0,1,0,0,
668,1,48,0,64040,500,4,0,59,0,1,1,0,0,0,0,0,0,0,1,0,0,1,1,0,0,
437,0,24,-1,15730,500,4,0,40,0,2,1,1,0,0,0,0,1,0,0,0,1,0,1,0,0,
833,1,36,-1,57880,500,3,0,34,0,2,1,0,0,0,0,1,0,0,0,0,1,0,1,0,0,
177,1,21,0,27550,3000,4,0,61,1,2,1,0,0,0,0,0,0,0,1,0,0,1,0,0,1,1.0
83,-1,18,0,24500,500,2,0,22,0,1,1,1,0,0,0,0,0,0,0,0,1,0,1,0,0,1.0
573,0,9,0,19680,500,2,1,19,0,2,1,1,0,0,0,0,0,1,0,0,0,1,1,0,0,
264,0,18,-1,10160,500,4,0,36,0,2,1,0,0,0,0,1,0,0,0,0,1,0,1,0,0,1.0
28,-1,18,0,22370,3000,4,0,30,0,1,2,0,0,0,0,1,1,0,0,0,1,0,0,0,0,1.0
157,2,36,0,39010,500,2,0,23,0,1,1,0,0,1,0,0,0,0,0,0,1,0,1,0,0,1.0
27,1,36,0,126000,3000,1,0,47,0,1,2,0,1,0,0,0,0,0,0,0,0,0,1,0,0,1.0
48,-1,24,0,77090,0,1,0,30,0,1,1,1,0,0,0,0,0,1,0,0,1,0,1,0,0,1.0
238,0,18,0,25030,500,3,0,43,0,1,1,1,0,0,0,0,0,0,0,0,1,0,1,0,0,0.0
193,0,24,0,41390,3000,2,0,35,0,2,1,1,0,0,0,0,0,0,0,0,1,0,1,0,0,1.0
745,-1,36,0,92590,500,2,0,24,0,1,1,0,0,0,0,1,1,0,0,0,1,0,1,0,0,
312,0,10,-1,21340,500,1,0,23,0,2,1,1,0,0,0,0,0,1,0,0,0,1,1,0,0,
816,-1,18,0,19280,500,3,1,36,1,1,1,0,0,1,0,0,0,1,0,0,0,0,0,0,0,
155,1,6,-1,9200,0,1,0,39,0,2,1,0,0,0,1,0,1,0,0,0,1,0,0,0,1,1.0
387,1,7,0,25640,500,2,1,35,0,1,1,0,0,1,0,0,0,0,0,0,1,0,1,0,0,
61,0,24,-1,38560,500,4,0,41,0,2,1,0,0,0,0,1,0,0,1,0,0,1,0,0,0,0.0
884,-1,15,0,18330,500,4,1,46,0,1,1,1,0,0,0,0,0,1,0,0,0,1,1,0,0,
800,0,24,-1,57920,10000,4,0,27,0,2,1,0,0,0,0,1,0,0,0,0,1,0,1,0,0,
623,0,24,-1,50910,500,3,0,47,0,3,1,0,0,1,0,0,0,1,0,0,0,0,1,0,0,
351,0,33,-1,72410,500,3,0,35,0,2,1,0,0,0,0,1,1,0,0,0,1,0,0,0,0,
103,1,10,0,72960,500,2,0,70,1,1,1,0,0,0,0,1,0,0,0,1,0,0,0,0,0,1.0
51,2,15,0,3800,500,4,0,23,0,1,1,0,1,0,0,0,0,1,0,0,0,1,1,0,0,1.0
197,-1,12,0,21370,500,4,0,29,0,1,1,0,0,1,0,0,0,0,0,0,0,0,1,0,0,1.0
790,-1,20,-1,22230,500,4,1,33,1,2,1,0,0,0,0,1,0,0,0,0,0,1,1,0,0,
324,0,30,0,42600,3000,2,0,26,0,2,1,0,0,0,0,0,0,0,0,0,1,0,0,0,1,
294,0,10,0,7150,7500,4,0,46,0,1,1,0,1,0,0,0,0,0,1,0,0,0,1,0,0,1.0
99,0,6,-1,18860,0,1,0,34,0,2,2,0,0,1,0,0,0,0,0,0,1,0,0,0,1,1.0
243,-1,10,-1,10260,500,4,1,49,0,2,1,0,0,0,0,1,1,0,0,0,1,0,1,0,0,1.0
81,1,36,0,47830,500,4,0,30,0,1,1,0,0,1,0,0,0,1,0,0,1,0,0,0,0,1.0
385,0,9,-1,12320,0,4,0,41,0,2,1,0,1,0,0,0,0,0,1,0,0,1,0,0,1,
891,-1,36,0,21330,500,2,0,24,0,2,1,0,0,0,0,0,1,0,0,0,1,0,1,0,0,
556,1,60,0,91450,0,2,0,27,0,1,1,0,0,1,0,0,0,0,0,0,0,0,0,0,0,
630,-1,15,-1,9630,500,2,0,25,0,2,1,1,0,0,0,0,0,0,0,0,1,0,1,0,0,
958,1,24,0,125670,500,4,0,44,0,1,1,0,0,0,0,1,0,0,1,0,0,0,0,0,0,
665,0,6,-1,2380,10000,2,0,41,1,2,1,0,0,0,0,1,0,0,0,0,1,0,0,0,1,
796,0,10,0,8820,0,4,0,40,0,1,1,0,0,0,1,0,1,0,0,0,1,0,1,0,0,
427,0,24,0,37450,500,4,1,62,0,1,1,0,0,0,0,1,0,0,1,0,0,0,1,0,0,
885,1,48,0,83460,7500,1,0,30,0,2,1,0,0,0,0,1,0,1,0,0,1,0,1,0,0,
895,-1,24,-1,12190,10000,4,0,57,0,2,1,0,0,1,0,0,0,0,1,0,0,1,0,0,0,
121,1,36,0,44430,500,2,0,30,1,2,1,0,0,0,0,0,0,0,0,0,1,0,0,0,0,1.0
270,-1,24,-1,66030,500,2,0,75,0,2,1,0,0,0,0,1,0,0,0,1,0,0,0,0,0,1.0
10,0,36,0,81210,500,1,0,30,1,1,1,0,0,0,0,1,0,0,0,0,1,0,1,0,0,1.0
839,-1,18,0,41410,500,2,1,42,0,1,1,1,0,0,0,0,0,0,0,0,1,0,1,0,0,
823,0,18,-1,10860,500,4,0,65,0,2,1,0,0,1,0,0,0,0,0,1,1,0,0,1,0,
445,0,10,0,12970,0,4,1,27,0,1,1,0,0,0,0,1,0,0,0,0,1,0,0,0,1,
529,-1,12,-1,22340,500,3,0,60,0,2,1,1,0,0,0,0,0,0,1,0,1,0,1,0,0,
65,-1,12,-1,21090,500,4,0,30,0,2,1,0,0,0,0,1,0,0,0,0,1,0,1,0,0,1.0
358,0,21,0,27700,7500,1,0,31,1,1,1,0,0,0,0,1,1,0,0,0,1,0,0,0,0,
631,1,15,0,26190,3000,3,0,25,0,1,1,1,0,0,0,0,0,0,0,0,1,0,0,0,1,
988,0,11,-1,72160,500,1,0,39,0,2,1,0,0,0,0,1,0,0,0,0,1,0,0,0,1,
92,2,36,0,58360,500,4,0,24,0,1,1,0,0,1,0,0,0,0,0,0,1,0,1,0,0,1.0
30,0,12,-1,6060,500,4,0,56,0,1,1,0,0,1,0,0,0,0,1,0,1,0,1,0,0,1.0
73,0,18,0,19720,500,4,0,47,1,2,1,1,0,0,0,0,0,0,0,0,0,0,1,0,0,1.0
447,1,15,0,68380,3000,1,0,34,0,1,2,0,0,0,0,1,0,0,0,1,1,0,0,0,0,
293,-1,12,0,61870,500,4,0,28,0,2,1,0,0,1,0,0,0,0,0,0,0,1,1,0,0,1.0
726,0,22,0,26630,7500,3,0,40,0,1,1,0,0,1,0,0,0,0,1,0,1,0,1,0,0,
429,0,6,0,35060,500,2,1,26,0,1,1,0,0,0,0,1,0,0,0,0,0,1,1,0,0,
791,0,24,-1,40300,0,3,0,43,0,2,1,0,0,0,0,1,1,0,0,0,1,0,1,0,0,
595,-1,14,0,39610,500,1,0,22,0,1,1,0,0,0,0,1,0,0,0,1,0,0,1,0,0,
924,0,24,-1,20160,500,2,0,30,0,2,1,1,0,0,0,0,1,0,0,0,1,0,0,0,1,
928,-1,24,0,65670,500,4,0,29,0,1,1,0,0,0,0,1,0,0,0,1,0,0,0,0,0,
985,0,11,-1,13810,500,4,0,35,0,2,1,0,0,0,0,1,0,1,0,0,1,0,0,0,0,
406,-1,24,0,16470,500,4,0,29,0,1,1,0,0,1,0,0,0,1,0,0,0,1,0,0,1,
620,0,6,0,15260,500,1,0,56,0,1,1,0,1,0,0,0,0,1,0,0,1,0,1,0,0,
400,-1,36,0,36080,500,1,1,37,0,1,2,1,0,0,0,0,0,0,0,0,1,0,1,0,0,
227,1,48,0,75700,3000,2,0,31,0,1,1,0,0,0,1,0,0,0,0,1,0,0,0,0,0,1.0
661,1,6,0,4210,10000,4,0,24,1,1,2,0,1,0,0,0,0,1,0,0,0,1,1,0,0,
546,0,24,-1,45140,500,3,0,74,0,1,1,0,0,0,0,0,0,0,0,0,1,0,0,0,0,
239,1,21,-1,27330,10000,3,0,32,0,2,1,1,0,0,0,0,1,0,0,0,1,0,1,0,0,1.0
682,0,21,0,31480,0,4,0,41,0,1,1,0,0,1,0,0,0,0,1,0,1,0,1,0,0,
793,-1,18,0,14300,500,4,0,32,0,2,2,0,0,0,0,1,1,0,0,0,0,0,0,0,1,
91,0,10,0,19120,500,1,0,38,0,1,1,0,0,1,0,0,0,0,0,0,1,0,1,0,0,1.0
781,0,21,0,29810,500,3,0,28,1,2,1,0,0,0,0,1,0,0,0,0,1,0,0,0,1,
175,-1,24,0,18110,500,4,0,30,1,1,2,0,0,1,0,0,0,0,0,1,1,0,0,0,0,1.0
194,1,9,0,20180,0,2,0,24,0,1,1,1,0,0,0,0,1,0,0,0,1,0,1,0,0,1.0
439,2,6,-1,13110,3000,2,0,28,0,2,2,0,0,0,0,1,0,0,1,0,1,0,1,0,0,
579,-1,42,0,43580,500,3,0,26,1,2,2,0,0,1,0,0,1,0,0,0,1,0,1,0,0,
192,1,30,0,21380,500,4,1,24,1,1,1,0,0,0,0,1,0,0,0,0,1,0,1,0,0,1.0
499,1,18,-1,19160,500,2,0,31,0,2,1,1,0,0,0,0,0,1,0,0,1,0,0,0,1,
145,-1,30,-1,106110,500,3,0,38,0,3,2,0,0,0,0,1,0,0,1,0,0,0,0,0,0,1.0
932,-1,18,0,19240,0,2,0,23,0,2,1,0,0,1,0,0,1,0,0,0,0,1,0,0,1,
563,-1,12,0,18460,500,4,0,22,0,1,1,1,0,0,0,0,0,1,0,0,0,1,1,0,0,
523,1,36,0,23720,500,4,0,33,0,1,1,1,0,0,0,0,0,1,0,0,0,1,0,0,1,
144,0,12,-1,14830,500,4,0,38,0,2,2,0,0,0,0,1,0,0,1,0,1,0,0,0,1,1.0
536,-1,24,0,14300,500,4,0,23,0,2,1,0,0,0,0,1,1,0,0,0,0,1,1,0,0,
86,-1,6,-1,8480,500,1,0,39,0,2,1,0,0,0,0,1,0,0,1,0,1,0,1,0,0,1.0
328,1,15,-1,23140,7500,2,0,27,1,1,1,0,0,0,0,0,0,0,0,0,1,0,1,0,0,
724,1,20,0,64560,0,1,0,60,0,1,1,0,0,0,0,1,0,0,0,1,1,0,0,0,0,
101,0,18,-1,10430,500,4,0,30,0,2,1,0,0,0,0,1,0,1,0,0,1,0,1,0,0,1.0
822,1,30,-1,21690,0,4,0,36,0,2,1,0,0,0,0,1,0,0,1,0,1,0,1,0,0,
39,1,20,0,70450,0,3,0,36,1,2,2,0,0,0,0,1,1,0,0,0,0,1,0,0,0,1.0
339,0,24,-1,15040,10000,4,0,43,0,2,1,0,0,1,0,0,0,0,0,0,1,0,0,0,1,
883,0,4,-1,14430,500,2,0,42,0,3,2,0,0,0,0,1,1,0,0,0,1,0,0,0,1,
810,0,36,0,76660,7500,2,0,40,0,2,1,1,0,0,0,0,1,0,0,0,1,0,1,0,0,
639,2,15,0,18930,500,4,0,40,0,1,1,0,1,0,0,0,0,0,1,0,0,1,0,0,0,
136,0,6,-1,13700,500,1,0,28,0,2,1,0,0,1,0,0,0,0,0,0,1,0,1,0,0,1.0
80,2,6,0,6970,10000,2,0,27,0,1,1,0,0,0,0,1,0,1,0,0,1,0,0,1,0,1.0
126,1,9,0,51170,500,2,0,74,1,1,2,0,0,0,0,1,0,0,1,0,0,0,0,0,0,0.0
118,0,12,0,19510,500,4,0,31,0,2,2,0,0,1,0,0,1,0,0,0,0,1,0,0,0,1.0
838,0,15,0,21740,0,1,0,33,1,1,1,1,0,0,0,0,1,0,0,0,0,1,0,0,1,
464,1,18,0,11010,500,4,1,26,0,1,2,0,0,1,0,0,0,0,0,0,1,0,0,0,1,
859,-1,24,0,33330,500,4,0,39,0,1,1,1,0,0,0,0,0,0,1,0,0,1,0,0,0,
391,0,6,0,5060,500,3,0,29,0,1,1,0,0,1,0,0,0,0,0,0,1,0,1,0,0,
95,-1,12,0,12700,500,2,0,20,0,1,1,1,0,0,0,0,0,0,0,0,0,1,1,0,0,1.0
919,1,15,0,12520,3000,2,0,25,0,1,1,0,0,0,0,1,0,0,0,0,0,1,1,0,0,
775,-1,12,0,10700,500,4,0,48,1,2,1,0,0,0,0,1,0,0,0,0,1,0,1,0,0,
269,1,6,0,10560,500,4,0,28,0,1,2,0,0,1,0,0,0,0,1,0,1,0,1,0,0,0.0
108,0,24,0,39600,500,2,0,25,0,1,1,1,0,0,0,0,1,0,0,0,0,1,1,0,0,1.0
189,0,18,0,4210,500,3,1,22,0,1,1,0,0,1,0,0,0,0,0,1,0,1,1,0,0,1.0
667,-1,18,0,18700,500,4,0,25,1,2,1,0,0,1,0,0,0,0,0,0,0,1,1,0,0,
898,-1,28,0,39940,500,3,0,45,0,1,1,0,0,0,0,1,0,0,0,0,1,0,0,0,1,
124,1,18,-1,8720,500,4,0,36,1,1,2,0,0,0,0,1,0,0,1,0,1,0,1,0,0,1.0
287,1,24,0,37460,7500,1,0,23,0,1,1,0,0,1,0,0,0,0,0,1,0,1,0,1,0,1.0
321,1,18,0,129640,500,3,0,38,0,1,1,0,0,0,0,1,0,0,0,1,0,0,0,0,0,
41,1,36,0,23110,500,4,0,24,0,1,1,0,0,1,0,0,1,0,0,0,0,1,1,0,0,0.0
409,0,24,0,46670,500,3,0,35,0,2,1,0,0,0,0,1,1,0,0,0,1,0,0,0,1,
5,0,27,0,51780,0,4,0,48,0,4,2,1,0,0,0,0,0,0,1,0,1,0,1,0,0,1.0
64,1,18,0,19120,0,4,0,27,0,1,1,1,0,0,0,0,0,1,0,0,0,1,1,0,0,1.0
216,0,18,-1,23920,500,2,0,26,0,2,1,0,0,1,0,0,0,0,0,0,1,0,1,0,0,1.0
45,1,24,-1,119260,500,2,1,39,0,2,2,0,0,0,1,0,0,0,0,0,1,0,0,0,0,1.0
235,1,48,0,99480,500,1,0,26,0,1,1,1,0,0,0,0,0,1,0,0,1,0,1,0,0,1.0
997,0,36,-1,95540,500,2,0,31,1,2,1,0,0,1,0,0,0,0,0,0,1,0,1,0,0,
3,1,48,0,144090,500,2,0,25,0,1,1,0,0,0,0,0,0,0,0,0,1,0,1,0,0,1.0
534,-1,24,0,13460,0,4,0,40,1,1,1,0,0,0,1,0,0,0,1,0,1,0,0,0,0,
806,-1,18,0,23770,500,4,0,27,1,1,1,0,0,1,0,0,0,1,0,0,1,0,1,0,0,
450,-1,12,0,7470,500,4,0,26,0,1,1,0,0,0,0,1,1,0,0,0,1,0,1,0,0,
676,1,24,0,115480,500,1,0,23,0,2,1,0,0,0,0,1,0,0,0,0,0,1,0,0,0,
565,0,15,0,19670,0,4,0,35,0,1,1,0,0,1,0,0,0,0,1,0,1,0,1,0,0,
614,0,21,0,25680,7500,4,0,41,1,1,2,0,0,0,0,0,0,1,0,0,1,0,0,0,1,
741,1,18,-1,17830,500,3,1,48,1,2,1,0,0,1,0,0,0,0,1,0,0,1,0,0,1,
336,-1,12,0,25660,500,3,0,55,0,1,1,1,0,0,0,0,0,0,0,1,0,0,0,0,0,
452,2,15,0,26750,500,2,0,26,0,1,1,0,0,0,0,0,1,0,0,0,0,1,1,0,0,
468,-1,36,0,22900,500,4,0,31,0,1,1,0,0,1,0,0,0,0,0,0,0,1,1,0,0,
521,1,12,-1,31120,500,1,0,49,1,2,2,0,0,0,0,1,0,1,0,0,1,0,0,0,1,
304,-1,18,0,24610,500,4,0,25,0,1,1,1,0,0,0,0,0,0,0,1,1,0,0,1,0,
721,0,24,-1,19280,10000,4,0,60,0,1,1,0,0,0,0,1,0,0,1,0,1,0,1,0,0,
333,-1,6,-1,19450,500,1,0,31,0,1,1,0,0,1,0,0,1,0,0,0,1,0,1,0,0,
290,0,9,0,12240,500,1,0,23,0,1,1,1,0,0,0,0,0,1,0,0,0,1,1,0,0,0.0
526,-1,9,-1,27870,500,2,0,36,0,2,2,0,0,0,0,1,0,0,0,0,0,1,1,0,0,
164,0,15,0,46450,500,3,0,30,0,1,1,0,0,0,0,1,0,0,0,0,1,0,1,0,0,1.0
782,0,18,0,19310,500,4,0,23,0,1,1,1,0,0,0,0,0,1,0,0,1,0,1,0,0,
575,0,12,0,13810,500,4,0,47,1,3,2,0,1,0,0,0,0,0,1,0,1,0,1,0,0,
992,0,12,0,12500,500,3,0,25,0,1,1,0,0,1,0,0,0,0,0,0,1,0,1,0,0,
713,0,24,-1,22110,3000,4,0,52,1,2,1,0,0,1,0,0,0,0,1,0,1,0,1,0,0,
78,1,15,-1,27160,0,4,1,35,1,3,1,0,0,1,0,0,1,0,0,0,1,0,1,0,0,1.0
109,1,24,-1,19230,500,4,0,31,0,2,1,0,0,0,0,0,0,0,1,0,1,0,1,0,0,1.0
201,-1,24,0,15910,500,4,0,55,0,1,1,0,0,1,0,0,0,0,1,0,1,0,1,0,0,1.0
465,1,26,0,79540,500,2,0,30,0,2,1,0,0,0,0,1,0,1,0,0,1,0,1,0,0,
143,-1,12,0,8900,500,4,0,21,0,1,1,0,0,0,1,0,1,0,0,0,0,1,1,0,0,1.0
905,1,30,0,17030,0,4,0,26,0,1,1,0,0,1,0,0,0,0,0,0,1,0,1,0,0,
206,0,36,-1,62920,0,4,0,36,0,2,1,0,0,0,0,0,0,0,1,0,1,0,1,0,0,1.0
263,-1,18,0,26470,10000,4,0,28,0,1,1,1,0,0,0,0,0,0,0,0,1,0,1,0,0,1.0
330,0,18,0,18080,500,2,0,30,0,1,1,0,0,0,0,1,0,0,0,0,1,0,0,0,0,
102,0,15,0,12500,7500,4,0,36,0,2,1,1,0,0,0,0,1,0,0,0,1,0,1,0,0,1.0
771,-1,18,0,12040,500,4,0,23,0,1,1,0,0,0,0,1,0,1,0,0,0,1,1,0,0,
46,0,18,0,64460,500,2,0,39,1,2,2,0,0,0,0,1,0,0,1,0,1,0,0,0,0,1.0
4,0,24,0,31690,500,4,0,26,0,1,1,0,0,1,0,0,0,1,0,0,1,0,1,0,0,1.0
767,0,18,0,41530,500,2,0,36,1,2,2,0,0,0,0,0,0,0,0,0,1,0,1,0,0,
123,0,24,-1,37650,10000,4,0,50,0,1,1,1,0,0,0,0,0,0,0,0,1,0,1,0,0,1.0
491,0,6,0,17380,7500,2,0,45,1,1,2,0,0,1,0,0,0,0,1,0,1,0,0,0,1,
211,0,12,-1,13900,7500,3,0,37,0,1,1,1,0,0,0,0,1,0,0,0,0,1,1,0,0,1.0
362,1,12,-1,9460,500,2,0,47,0,2,2,0,0,0,0,1,1,0,0,0,1,0,0,0,1,
808,0,36,0,73970,0,3,0,37,0,2,1,0,0,0,0,0,0,0,1,0,1,0,1,0,0,
440,-1,24,0,31110,500,4,0,27,0,1,1,0,0,0,0,1,0,1,0,0,1,0,1,0,0,
232,-1,24,-1,64070,500,2,0,44,0,2,2,0,0,0,0,1,0,0,1,0,0,0,0,0,0,0.0
757,0,6,-1,15420,500,1,0,24,0,2,1,0,0,1,0,0,1,0,0,0,0,1,1,0,0,
478,-1,48,0,77510,500,4,0,42,1,1,1,0,0,0,0,1,0,0,1,0,0,0,0,0,0,
628,0,9,0,27410,3000,3,1,35,0,1,1,0,0,1,0,0,0,0,1,0,1,0,1,0,0,
921,0,48,0,48320,500,3,0,33,1,1,1,0,0,0,0,0,0,0,0,1,0,1,0,0,0,
902,0,15,0,35440,0,3,0,29,0,1,1,0,0,0,0,1,0,0,0,0,1,0,1,0,0,
869,-1,12,0,13320,500,4,0,43,0,2,2,0,0,0,0,1,0,0,0,0,1,0,0,0,1,
567,1,9,0,14250,3000,2,0,29,0,1,1,0,0,0,0,1,1,0,0,0,1,0,1,0,0,
214,-1,30,0,119860,500,1,0,34,0,1,1,1,0,0,0,0,0,1,0,0,1,0,0,0,1,1.0
472,0,12,0,14910,500,4,0,41,0,1,1,0,0,0,0,1,0,0,0,0,0,1,1,0,0,
137,1,12,0,9390,3000,4,0,27,1,4,1,1,0,0,0,0,0,1,0,0,0,1,1,0,0,1.0
799,0,9,0,35650,3000,1,1,26,0,1,2,0,0,0,0,1,0,0,0,0,0,1,1,0,0,
984,-1,48,-1,61310,500,4,0,58,1,2,1,0,0,0,0,1,0,0,1,0,0,0,0,0,1,
111,0,12,0,7510,500,4,0,26,0,1,1,1,0,0,0,0,0,0,0,0,1,0,1,0,0,1.0
415,-1,18,0,31020,500,1,0,26,0,1,1,1,0,0,0,0,0,1,0,0,0,1,1,0,0,
842,0,36,-1,104650,0,2,0,42,0,2,1,0,0,0,0,1,0,0,1,0,0,0,1,0,0,
16,-1,42,0,39530,500,4,0,34,0,1,1,0,0,1,0,0,0,1,0,0,1,0,1,0,0,0.0
846,-1,21,0,37510,0,2,1,24,0,1,1,0,0,0,0,1,1,0,0,0,1,0,0,0,1,
134,1,45,0,30190,3000,4,1,21,0,1,1,0,0,1,0,0,0,0,0,0,0,1,1,0,0,1.0
868,0,30,0,18550,0,4,0,58,0,1,1,0,0,1,0,0,0,0,1,0,1,0,1,0,0,
651,-1,6,0,11860,500,4,0,35,0,1,1,0,1,0,0,0,0,0,1,0,0,0,1,0,0,
694,0,12,0,15430,10000,4,0,55,0,2,2,1,0,0,0,0,0,0,1,0,0,0,1,0,0,
190,-1,6,-1,6540,10000,3,0,39,0,2,1,0,0,0,0,1,1,0,0,0,1,0,0,0,1,1.0
401,-1,15,0,17090,500,2,0,36,0,1,1,0,0,0,0,1,0,1,0,0,1,0,1,0,0,
698,0,24,0,13810,500,2,1,31,0,1,1,0,0,0,0,1,0,0,0,0,1,0,1,0,0,
146,0,12,-1,19230,500,4,0,43,0,3,1,1,0,0,0,0,0,0,1,0,1,0,1,0,0,1.0
897,1,9,-1,11420,500,2,0,37,0,3,1,0,0,1,0,0,0,0,1,0,1,0,0,0,1,
705,1,12,0,11430,500,3,1,40,1,2,1,0,0,1,0,0,0,0,1,0,1,0,0,0,1,
458,-1,6,0,11910,3000,3,0,43,0,1,1,0,0,0,0,1,0,0,1,0,1,0,1,0,0,
349,2,12,-1,9270,7500,4,0,28,0,3,1,0,0,0,0,1,1,0,0,0,1,0,1,0,0,
942,0,12,-1,20840,500,2,0,49,0,1,2,0,1,0,0,0,1,0,0,0,1,0,0,0,1,
962,-1,10,-1,22290,500,1,0,48,0,2,2,0,0,0,0,1,0,1,0,0,0,1,0,0,1,
237,0,10,0,12750,0,4,1,45,0,1,1,0,0,0,0,1,0,0,1,0,1,0,0,0,1,1.0
914,0,30,-1,28190,500,4,0,33,0,1,1,0,0,1,0,0,0,0,0,0,1,0,1,0,0,
301,2,12,0,33870,0,2,0,37,0,1,1,0,0,1,0,0,0,0,1,0,1,0,0,0,0,
347,-1,15,0,10410,500,4,0,27,0,1,1,0,0,1,0,0,0,1,0,0,1,0,1,0,0,
549,0,15,0,12880,0,4,0,45,1,1,2,0,0,0,0,1,0,0,1,0,0,0,1,0,0,
386,-1,36,0,18300,500,4,0,34,0,1,1,0,0,0,0,1,0,1,0,0,1,0,1,0,0,
448,0,24,0,14010,500,4,0,28,0,1,1,0,0,1,0,0,0,0,0,0,1,0,1,0,0,
640,0,12,0,11110,7500,4,0,29,0,1,1,1,0,0,0,0,0,0,0,0,0,1,0,0,1,
314,1,60,0,147700,3000,3,0,60,1,2,1,0,0,0,1,0,0,0,1,0,0,0,0,0,0,
105,0,6,0,29660,7500,1,0,32,0,1,1,1,0,0,0,0,0,0,0,0,1,0,1,0,0,1.0
163,0,24,0,29660,0,4,0,32,0,2,2,0,0,0,0,0,0,0,0,0,1,0,1,0,0,1.0
994,1,36,0,22130,500,4,0,57,1,2,1,0,0,0,0,1,0,0,1,0,0,0,1,0,0,
837,0,12,-1,15800,10000,3,0,35,0,1,1,1,0,0,0,0,1,0,0,0,1,0,1,0,0,
127,1,16,-1,11630,500,2,0,68,0,3,1,0,0,0,0,1,0,0,0,1,0,0,0,1,0,1.0
702,-1,12,0,22020,500,4,0,24,0,1,1,0,0,1,0,0,0,0,0,0,1,0,0,0,1,
635,0,6,0,12240,7500,2,0,50,0,1,1,0,0,0,0,1,0,0,0,0,0,1,1,0,0,
469,-1,6,0,6500,500,3,0,41,0,1,2,0,0,0,0,1,0,1,0,0,1,0,0,0,1,
753,-1,48,0,30390,500,3,0,54,0,1,1,1,0,0,0,0,0,0,0,0,1,0,1,0,0,
971,-1,24,0,40080,500,2,0,27,1,1,1,1,0,0,0,0,0,0,0,0,1,0,1,0,0,
378,-1,42,-1,33820,500,4,1,65,0,2,1,1,0,0,0,0,0,0,0,1,1,0,0,1,0,
31,-1,12,-1,13970,500,4,0,54,0,1,1,0,0,0,0,1,0,0,1,0,1,0,1,0,0,1.0
700,0,15,-1,50330,0,1,0,59,0,1,1,0,0,0,0,1,0,0,1,0,1,0,1,0,0,
697,2,15,-1,12590,0,3,0,39,0,2,1,0,0,1,0,0,0,0,0,0,0,0,1,0,0,
303,0,6,0,17540,500,1,0,21,0,1,1,1,0,0,0,0,0,0,0,0,0,1,1,0,0,
610,0,24,-1,41270,3000,3,0,27,0,2,1,0,0,0,0,0,0,0,0,0,1,0,0,0,1,
112,1,24,0,20520,500,3,0,34,0,1,1,1,0,0,0,0,0,0,0,1,1,0,0,0,0,1.0
749,1,15,0,17660,500,2,0,26,0,2,1,0,0,0,0,1,0,1,0,0,0,1,0,1,0,
132,1,27,0,39030,500,4,0,36,0,1,2,0,0,0,0,0,0,0,0,0,1,0,1,0,0,0.0
970,1,18,0,19010,10000,3,0,36,1,1,1,0,0,0,0,0,0,1,0,0,1,0,1,0,0,
288,0,6,0,17310,3000,1,0,34,0,2,1,0,0,0,0,0,0,0,0,0,1,0,0,0,1,1.0
708,1,12,-1,36050,500,1,0,28,0,3,1,1,0,0,0,0,0,0,1,0,0,1,1,0,0,
527,-1,12,0,12770,500,4,1,21,0,1,1,1,0,0,0,0,0,0,0,0,1,0,0,0,1,
457,0,36,-1,71150,500,2,0,23,0,2,1,1,0,0,0,0,0,1,0,0,0,1,1,0,0,
370,0,5,0,34360,500,1,0,74,0,1,1,0,0,0,0,0,1,0,0,0,1,0,0,0,1,
261,-1,24,0,19260,500,4,0,32,0,1,1,0,0,1,0,0,0,1,0,0,1,0,1,0,0,1.0
209,0,24,0,9870,0,4,0,25,0,2,1,0,0,1,0,0,0,0,1,0,1,0,1,0,0,1.0
410,1,24,0,30800,3000,3,0,22,0,1,1,0,0,1,0,0,0,1,0,0,0,1,1,0,0,
855,1,48,0,184120,500,1,0,32,1,1,1,0,0,0,1,0,0,0,0,0,1,0,0,0,0,
354,-1,24,0,13690,0,4,0,35,0,1,1,0,0,0,0,1,0,0,0,0,1,0,1,0,0,
159,0,10,0,13520,500,2,0,64,0,1,1,0,0,0,0,1,0,0,0,0,1,0,1,0,0,1.0
487,0,24,0,15400,500,3,0,32,1,1,2,0,0,1,0,0,1,0,0,0,1,0,1,0,0,
666,0,15,-1,13040,7500,2,0,47,0,2,1,0,0,1,0,0,0,0,0,0,1,0,0,0,1,
97,-1,12,0,3270,500,4,0,45,1,1,1,0,0,0,1,0,0,0,1,0,1,0,0,0,1,1.0
466,0,15,-1,15200,3000,4,0,31,0,1,1,0,1,0,0,0,0,0,0,0,1,0,1,0,0,
654,1,60,0,140150,500,4,0,27,0,1,1,0,0,0,0,1,1,0,0,0,1,0,0,0,0,
279,1,10,0,15090,500,4,0,31,0,1,1,1,0,0,0,0,0,0,0,0,1,0,0,0,1,1.0
945,0,36,0,90430,0,2,0,35,0,1,2,0,1,0,0,0,0,0,0,0,0,0,0,0,1,
186,0,12,-1,7050,500,4,0,52,0,3,1,0,0,1,0,0,0,0,1,0,1,0,1,0,0,1.0
